対象日付,CSVダウンロードタイプ,投入日時,ステータス
2025-07-01,2025-07-01_アドネス全体数値_媒体・ファネル別データ_表.csv,2026-02-22 07:10,完了
2025-07-02,2025-07-02_アドネス全体数値_媒体・ファネル別データ_表.csv,2026-02-22 07:10,完了
2025-07-03,2025-07-03_アドネス全体数値_媒体・ファネル別データ_表.csv,2026-02-22 07:10,完了
2025-07-04,2025-07-04_アドネス全体数値_媒体・ファネル別データ_表.csv,2026-02-22 07:10,完了
2025-07-05,2025-07-05_アドネス全体数値_媒体・ファネル別データ_表.csv,2026-02-22 07:10,完了
2025-07-06,2025-07-06_アドネス全体数値_媒体・ファネル別データ_表.csv,2026-02-22 07:10,完了
2025-07-07,2025-07-07_アドネス全体数値_媒体・ファネル別データ_表.csv,2026-02-22 07:10,完了
2025-07-08,2025-07-08_アドネス全体数値_媒体・ファネル別データ_表.csv,2026-02-22 07:10,完了
2025-07-09,2025-07-09_アドネス全体数値_媒体・ファネル別データ_表.csv,2026-02-22 07:10,完了
2025-07-10,2025-07-10_アドネス全体数値_媒体・ファネル別データ_表.csv,2026-02-22 07:10,完了
2025-07-11,2025-07-11_アドネス全体数値_媒体・ファネル別データ_表.csv,2026-02-22 07:10,完了
2025-07-12,2025-07-12_アドネス全体数値_媒体・ファネル別データ_表.csv,2026-02-22 07:10,完了
2025-07-13,2025-07-13_アドネス全体数値_媒体・ファネル別データ_表.csv,2026-02-22 07:10,完了
2025-07-14,2025-07-14_アドネス全体数値_媒体・ファネル別データ_表.csv,2026-02-22 07:10,完了
2025-07-15,2025-07-15_アドネス全体数値_媒体・ファネル別データ_表.csv,2026-02-22 07:10,完了
2025-07-16,2025-07-16_アドネス全体数値_媒体・ファネル別データ_表.csv,2026-02-22 07:10,完了
2025-07-17,2025-07-17_アドネス全体数値_媒体・ファネル別データ_表.csv,2026-02-22 07:10,完了
2025-07-18,2025-07-18_アドネス全体数値_媒体・ファネル別データ_表.csv,2026-02-22 07:10,完了
2025-07-19,2025-07-19_アドネス全体数値_媒体・ファネル別データ_表.csv,2026-02-22 07:10,完了
2025-07-20,2025-07-20_アドネス全体数値_媒体・ファネル別データ_表.csv,2026-02-22 07:10,完了
2025-07-21,2025-07-21_アドネス全体数値_媒体・ファネル別データ_表.csv,2026-02-22 07:10,完了
2025-07-22,2025-07-22_アドネス全体数値_媒体・ファネル別データ_表.csv,2026-02-22 07:10,完了
2025-07-23,2025-07-23_アドネス全体数値_媒体・ファネル別データ_表.csv,2026-02-22 07:10,完了
2025-07-24,2025-07-24_アドネス全体数値_媒体・ファネル別データ_表.csv,2026-02-22 07:10,完了
2025-07-25,2025-07-25_アドネス全体数値_媒体・ファネル別データ_表.csv,2026-02-22 07:10,完了
2025-07-26,2025-07-26_アドネス全体数値_媒体・ファネル別データ_表.csv,2026-02-22 07:10,完了
2025-07-27,2025-07-27_アドネス全体数値_媒体・ファネル別データ_表.csv,2026-02-22 07:10,完了
2025-07-28,2025-07-28_アドネス全体数値_媒体・ファネル別データ_表.csv,2026-02-22 07:10,完了
2025-07-29,2025-07-29_アドネス全体数値_媒体・ファネル別データ_表.csv,2026-02-22 07:10,完了
2025-07-30,2025-07-30_アドネス全体数値_媒体・ファネル別データ_表.csv,2026-02-22 07:10,完了
2025-07-31,2025-07-31_アドネス全体数値_媒体・ファネル別データ_表.csv,2026-02-22 07:10,完了
2025-08-01,2025-08-01_アドネス全体数値_媒体・ファネル別データ_表.csv,2026-02-22 07:10,完了
2025-08-02,2025-08-02_アドネス全体数値_媒体・ファネル別データ_表.csv,2026-02-22 07:10,完了
2025-08-03,2025-08-03_アドネス全体数値_媒体・ファネル別データ_表.csv,2026-02-22 07:10,完了
2025-08-04,2025-08-04_アドネス全体数値_媒体・ファネル別データ_表.csv,2026-02-22 07:10,完了
2025-08-05,2025-08-05_アドネス全体数値_媒体・ファネル別データ_表.csv,2026-02-22 07:10,完了
2025-08-06,2025-08-06_アドネス全体数値_媒体・ファネル別データ_表.csv,2026-02-22 07:10,完了
2025-08-07,2025-08-07_アドネス全体数値_媒体・ファネル別データ_表.csv,2026-02-22 07:10,完了
2025-08-08,2025-08-08_アドネス全体数値_媒体・ファネル別データ_表.csv,2026-02-22 07:10,完了
2025-08-09,2025-08-09_アドネス全体数値_媒体・ファネル別データ_表.csv,2026-02-22 07:10,完了
2025-08-10,2025-08-10_アドネス全体数値_媒体・ファネル別データ_表.csv,2026-02-22 07:10,完了
2025-08-11,2025-08-11_アドネス全体数値_媒体・ファネル別データ_表.csv,2026-02-22 07:10,完了
2025-08-12,2025-08-12_アドネス全体数値_媒体・ファネル別データ_表.csv,2026-02-22 07:10,完了
2025-08-13,2025-08-13_アドネス全体数値_媒体・ファネル別データ_表.csv,2026-02-22 07:10,完了
2025-08-14,2025-08-14_アドネス全体数値_媒体・ファネル別データ_表.csv,2026-02-22 07:10,完了
2025-08-15,2025-08-15_アドネス全体数値_媒体・ファネル別データ_表.csv,2026-02-22 07:10,完了
2025-08-16,2025-08-16_アドネス全体数値_媒体・ファネル別データ_表.csv,2026-02-22 07:10,完了
2025-08-17,2025-08-17_アドネス全体数値_媒体・ファネル別データ_表.csv,2026-02-22 07:10,完了
2025-08-18,2025-08-18_アドネス全体数値_媒体・ファネル別データ_表.csv,2026-02-22 07:10,完了
2025-08-19,2025-08-19_アドネス全体数値_媒体・ファネル別データ_表.csv,2026-02-22 07:10,完了
2025-08-20,2025-08-20_アドネス全体数値_媒体・ファネル別データ_表.csv,2026-02-22 07:10,完了
2025-08-21,2025-08-21_アドネス全体数値_媒体・ファネル別データ_表.csv,2026-02-22 07:10,完了
2025-08-22,2025-08-22_アドネス全体数値_媒体・ファネル別データ_表.csv,2026-02-22 07:10,完了
2025-08-23,2025-08-23_アドネス全体数値_媒体・ファネル別データ_表.csv,2026-02-22 07:10,完了
2025-08-24,2025-08-24_アドネス全体数値_媒体・ファネル別データ_表.csv,2026-02-22 07:10,完了
2025-08-25,2025-08-25_アドネス全体数値_媒体・ファネル別データ_表.csv,2026-02-22 07:10,完了
2025-08-26,2025-08-26_アドネス全体数値_媒体・ファネル別データ_表.csv,2026-02-22 07:10,完了
2025-08-27,2025-08-27_アドネス全体数値_媒体・ファネル別データ_表.csv,2026-02-22 07:10,完了
2025-08-28,2025-08-28_アドネス全体数値_媒体・ファネル別データ_表.csv,2026-02-22 07:10,完了
2025-08-29,2025-08-29_アドネス全体数値_媒体・ファネル別データ_表.csv,2026-02-22 07:10,完了
2025-08-30,2025-08-30_アドネス全体数値_媒体・ファネル別データ_表.csv,2026-02-22 07:10,完了
2025-08-31,2025-08-31_アドネス全体数値_媒体・ファネル別データ_表.csv,2026-02-22 07:10,完了
2025-09-01,2025-09-01_アドネス全体数値_媒体・ファネル別データ_表.csv,2026-02-22 07:10,完了
2025-09-02,2025-09-02_アドネス全体数値_媒体・ファネル別データ_表.csv,2026-02-22 07:10,完了
2025-09-03,2025-09-03_アドネス全体数値_媒体・ファネル別データ_表.csv,2026-02-22 07:10,完了
2025-09-04,2025-09-04_アドネス全体数値_媒体・ファネル別データ_表.csv,2026-02-22 07:10,完了
2025-09-05,2025-09-05_アドネス全体数値_媒体・ファネル別データ_表.csv,2026-02-22 07:10,完了
2025-09-06,2025-09-06_アドネス全体数値_媒体・ファネル別データ_表.csv,2026-02-22 07:10,完了
2025-09-07,2025-09-07_アドネス全体数値_媒体・ファネル別データ_表.csv,2026-02-22 07:10,完了
2025-09-08,2025-09-08_アドネス全体数値_媒体・ファネル別データ_表.csv,2026-02-22 07:10,完了
2025-09-09,2025-09-09_アドネス全体数値_媒体・ファネル別データ_表.csv,2026-02-22 07:10,完了
2025-09-10,2025-09-10_アドネス全体数値_媒体・ファネル別データ_表.csv,2026-02-22 07:10,完了
2025-09-11,2025-09-11_アドネス全体数値_媒体・ファネル別データ_表.csv,2026-02-22 07:10,完了
2025-09-12,2025-09-12_アドネス全体数値_媒体・ファネル別データ_表.csv,2026-02-22 07:10,完了
2025-09-13,2025-09-13_アドネス全体数値_媒体・ファネル別データ_表.csv,2026-02-22 07:10,完了
2025-09-14,2025-09-14_アドネス全体数値_媒体・ファネル別データ_表.csv,2026-02-22 07:10,完了
2025-09-15,2025-09-15_アドネス全体数値_媒体・ファネル別データ_表.csv,2026-02-22 07:10,完了
2025-09-16,2025-09-16_アドネス全体数値_媒体・ファネル別データ_表.csv,2026-02-22 07:10,完了
2025-09-17,2025-09-17_アドネス全体数値_媒体・ファネル別データ_表.csv,2026-02-22 07:10,完了
2025-09-18,2025-09-18_アドネス全体数値_媒体・ファネル別データ_表.csv,2026-02-22 07:10,完了
2025-09-19,2025-09-19_アドネス全体数値_媒体・ファネル別データ_表.csv,2026-02-22 07:10,完了
2025-09-20,2025-09-20_アドネス全体数値_媒体・ファネル別データ_表.csv,2026-02-22 07:10,完了
2025-09-21,2025-09-21_アドネス全体数値_媒体・ファネル別データ_表.csv,2026-02-22 07:10,完了
2025-09-22,2025-09-22_アドネス全体数値_媒体・ファネル別データ_表.csv,2026-02-22 07:10,完了
2025-09-23,2025-09-23_アドネス全体数値_媒体・ファネル別データ_表.csv,2026-02-22 07:10,完了
2025-09-24,2025-09-24_アドネス全体数値_媒体・ファネル別データ_表.csv,2026-02-22 07:10,完了
2025-09-25,2025-09-25_アドネス全体数値_媒体・ファネル別データ_表.csv,2026-02-22 07:10,完了
2025-09-26,2025-09-26_アドネス全体数値_媒体・ファネル別データ_表.csv,2026-02-22 07:10,完了
2025-09-27,2025-09-27_アドネス全体数値_媒体・ファネル別データ_表.csv,2026-02-22 07:10,完了
2025-09-28,2025-09-28_アドネス全体数値_媒体・ファネル別データ_表.csv,2026-02-22 07:10,完了
2025-09-29,2025-09-29_アドネス全体数値_媒体・ファネル別データ_表.csv,2026-02-22 07:10,完了
2025-09-30,2025-09-30_アドネス全体数値_媒体・ファネル別データ_表.csv,2026-02-22 07:10,完了
2025-10-01,2025-10-01_アドネス全体数値_媒体・ファネル別データ_表.csv,2026-02-22 07:10,完了
2025-10-02,2025-10-02_アドネス全体数値_媒体・ファネル別データ_表.csv,2026-02-22 07:10,完了
2025-10-03,2025-10-03_アドネス全体数値_媒体・ファネル別データ_表.csv,2026-02-22 07:10,完了
2025-10-04,2025-10-04_アドネス全体数値_媒体・ファネル別データ_表.csv,2026-02-22 07:10,完了
2025-10-05,2025-10-05_アドネス全体数値_媒体・ファネル別データ_表.csv,2026-02-22 07:10,完了
2025-10-06,2025-10-06_アドネス全体数値_媒体・ファネル別データ_表.csv,2026-02-22 07:10,完了
2025-10-07,2025-10-07_アドネス全体数値_媒体・ファネル別データ_表.csv,2026-02-22 07:10,完了
2025-10-08,2025-10-08_アドネス全体数値_媒体・ファネル別データ_表.csv,2026-02-22 07:10,完了
2025-10-09,2025-10-09_アドネス全体数値_媒体・ファネル別データ_表.csv,2026-02-22 07:10,完了
2025-10-10,2025-10-10_アドネス全体数値_媒体・ファネル別データ_表.csv,2026-02-22 07:10,完了
2025-10-11,2025-10-11_アドネス全体数値_媒体・ファネル別データ_表.csv,2026-02-22 07:10,完了
2025-10-12,2025-10-12_アドネス全体数値_媒体・ファネル別データ_表.csv,2026-02-22 07:10,完了
2025-10-13,2025-10-13_アドネス全体数値_媒体・ファネル別データ_表.csv,2026-02-22 07:10,完了
2025-10-14,2025-10-14_アドネス全体数値_媒体・ファネル別データ_表.csv,2026-02-22 07:10,完了
2025-10-15,2025-10-15_アドネス全体数値_媒体・ファネル別データ_表.csv,2026-02-22 07:10,完了
2025-10-16,2025-10-16_アドネス全体数値_媒体・ファネル別データ_表.csv,2026-02-22 07:10,完了
2025-10-17,2025-10-17_アドネス全体数値_媒体・ファネル別データ_表.csv,2026-02-22 07:10,完了
2025-10-18,2025-10-18_アドネス全体数値_媒体・ファネル別データ_表.csv,2026-02-22 07:10,完了
2025-10-19,2025-10-19_アドネス全体数値_媒体・ファネル別データ_表.csv,2026-02-22 07:10,完了
2025-10-20,2025-10-20_アドネス全体数値_媒体・ファネル別データ_表.csv,2026-02-22 07:10,完了
2025-10-21,2025-10-21_アドネス全体数値_媒体・ファネル別データ_表.csv,2026-02-22 07:10,完了
2025-10-22,2025-10-22_アドネス全体数値_媒体・ファネル別データ_表.csv,2026-02-22 07:10,完了
2025-10-23,2025-10-23_アドネス全体数値_媒体・ファネル別データ_表.csv,2026-02-22 07:10,完了
2025-10-24,2025-10-24_アドネス全体数値_媒体・ファネル別データ_表.csv,2026-02-22 07:10,完了
2025-10-25,2025-10-25_アドネス全体数値_媒体・ファネル別データ_表.csv,2026-02-22 07:10,完了
2025-10-26,2025-10-26_アドネス全体数値_媒体・ファネル別データ_表.csv,2026-02-22 07:10,完了
2025-10-27,2025-10-27_アドネス全体数値_媒体・ファネル別データ_表.csv,2026-02-22 07:10,完了
2025-10-28,2025-10-28_アドネス全体数値_媒体・ファネル別データ_表.csv,2026-02-22 07:10,完了
2025-10-29,2025-10-29_アドネス全体数値_媒体・ファネル別データ_表.csv,2026-02-22 07:10,完了
2025-10-30,2025-10-30_アドネス全体数値_媒体・ファネル別データ_表.csv,2026-02-22 07:10,完了
2025-10-31,2025-10-31_アドネス全体数値_媒体・ファネル別データ_表.csv,2026-02-22 07:10,完了
2025-11-01,2025-11-01_アドネス全体数値_媒体・ファネル別データ_表.csv,2026-02-22 07:10,完了
2025-11-02,2025-11-02_アドネス全体数値_媒体・ファネル別データ_表.csv,2026-02-22 07:10,完了
2025-11-03,2025-11-03_アドネス全体数値_媒体・ファネル別データ_表.csv,2026-02-22 07:10,完了
2025-11-04,2025-11-04_アドネス全体数値_媒体・ファネル別データ_表.csv,2026-02-22 07:10,完了
2025-11-05,2025-11-05_アドネス全体数値_媒体・ファネル別データ_表.csv,2026-02-22 07:10,完了
2025-11-06,2025-11-06_アドネス全体数値_媒体・ファネル別データ_表.csv,2026-02-22 07:10,完了
2025-11-07,2025-11-07_アドネス全体数値_媒体・ファネル別データ_表.csv,2026-02-22 07:10,完了
2025-11-08,2025-11-08_アドネス全体数値_媒体・ファネル別データ_表.csv,2026-02-22 07:10,完了
2025-11-09,2025-11-09_アドネス全体数値_媒体・ファネル別データ_表.csv,2026-02-22 07:10,完了
2025-11-10,2025-11-10_アドネス全体数値_媒体・ファネル別データ_表.csv,2026-02-22 07:10,完了
2025-11-11,2025-11-11_アドネス全体数値_媒体・ファネル別データ_表.csv,2026-02-22 07:10,完了
2025-11-12,2025-11-12_アドネス全体数値_媒体・ファネル別データ_表.csv,2026-02-22 07:10,完了
2025-11-13,2025-11-13_アドネス全体数値_媒体・ファネル別データ_表.csv,2026-02-22 07:10,完了
2025-11-14,2025-11-14_アドネス全体数値_媒体・ファネル別データ_表.csv,2026-02-22 07:10,完了
2025-11-15,2025-11-15_アドネス全体数値_媒体・ファネル別データ_表.csv,2026-02-22 07:10,完了
2025-11-16,2025-11-16_アドネス全体数値_媒体・ファネル別データ_表.csv,2026-02-22 07:10,完了
2025-11-17,2025-11-17_アドネス全体数値_媒体・ファネル別データ_表.csv,2026-02-22 07:10,完了
2025-11-18,2025-11-18_アドネス全体数値_媒体・ファネル別データ_表.csv,2026-02-22 07:10,完了
2025-11-19,2025-11-19_アドネス全体数値_媒体・ファネル別データ_表.csv,2026-02-22 07:10,完了
2025-11-20,2025-11-20_アドネス全体数値_媒体・ファネル別データ_表.csv,2026-02-22 07:10,完了
2025-11-21,2025-11-21_アドネス全体数値_媒体・ファネル別データ_表.csv,2026-02-22 07:10,完了
2025-11-22,2025-11-22_アドネス全体数値_媒体・ファネル別データ_表.csv,2026-02-22 07:10,完了
2025-11-23,2025-11-23_アドネス全体数値_媒体・ファネル別データ_表.csv,2026-02-22 07:10,完了
2025-11-24,2025-11-24_アドネス全体数値_媒体・ファネル別データ_表.csv,2026-02-22 07:10,完了
2025-11-25,2025-11-25_アドネス全体数値_媒体・ファネル別データ_表.csv,2026-02-22 07:10,完了
2025-11-26,2025-11-26_アドネス全体数値_媒体・ファネル別データ_表.csv,2026-02-22 07:10,完了
2025-11-27,2025-11-27_アドネス全体数値_媒体・ファネル別データ_表.csv,2026-02-22 07:10,完了
2025-11-28,2025-11-28_アドネス全体数値_媒体・ファネル別データ_表.csv,2026-02-22 07:10,完了
2025-11-29,2025-11-29_アドネス全体数値_媒体・ファネル別データ_表.csv,2026-02-22 07:10,完了
2025-11-30,2025-11-30_アドネス全体数値_媒体・ファネル別データ_表.csv,2026-02-22 07:10,完了
2025-12-01,2025-12-01_アドネス全体数値_媒体・ファネル別データ_表.csv,2026-02-22 07:10,完了
2025-12-02,2025-12-02_アドネス全体数値_媒体・ファネル別データ_表.csv,2026-02-22 07:10,完了
2025-12-03,2025-12-03_アドネス全体数値_媒体・ファネル別データ_表.csv,2026-02-22 07:10,完了
2025-12-04,2025-12-04_アドネス全体数値_媒体・ファネル別データ_表.csv,2026-02-22 07:10,完了
2025-12-05,2025-12-05_アドネス全体数値_媒体・ファネル別データ_表.csv,2026-02-22 07:10,完了
2025-12-06,2025-12-06_アドネス全体数値_媒体・ファネル別データ_表.csv,2026-02-22 07:10,完了
2025-12-07,2025-12-07_アドネス全体数値_媒体・ファネル別データ_表.csv,2026-02-22 07:10,完了
2025-12-08,2025-12-08_アドネス全体数値_媒体・ファネル別データ_表.csv,2026-02-22 07:10,完了
2025-12-09,2025-12-09_アドネス全体数値_媒体・ファネル別データ_表.csv,2026-02-22 07:10,完了
2025-12-10,2025-12-10_アドネス全体数値_媒体・ファネル別データ_表.csv,2026-02-22 07:10,完了
2025-12-11,2025-12-11_アドネス全体数値_媒体・ファネル別データ_表.csv,2026-02-22 07:10,完了
2025-12-12,2025-12-12_アドネス全体数値_媒体・ファネル別データ_表.csv,2026-02-22 07:10,完了
2025-12-13,2025-12-13_アドネス全体数値_媒体・ファネル別データ_表.csv,2026-02-22 07:10,完了
2025-12-14,2025-12-14_アドネス全体数値_媒体・ファネル別データ_表.csv,2026-02-22 07:10,完了
2025-12-15,2025-12-15_アドネス全体数値_媒体・ファネル別データ_表.csv,2026-02-22 07:10,完了
2025-12-16,2025-12-16_アドネス全体数値_媒体・ファネル別データ_表.csv,2026-02-22 07:10,完了
2025-12-17,2025-12-17_アドネス全体数値_媒体・ファネル別データ_表.csv,2026-02-22 07:10,完了
2025-12-18,2025-12-18_アドネス全体数値_媒体・ファネル別データ_表.csv,2026-02-22 07:10,完了
2025-12-19,2025-12-19_アドネス全体数値_媒体・ファネル別データ_表.csv,2026-02-22 07:10,完了
2025-12-20,2025-12-20_アドネス全体数値_媒体・ファネル別データ_表.csv,2026-02-22 07:10,完了
2025-12-21,2025-12-21_アドネス全体数値_媒体・ファネル別データ_表.csv,2026-02-22 07:10,完了
2025-12-22,2025-12-22_アドネス全体数値_媒体・ファネル別データ_表.csv,2026-02-22 07:10,完了
2025-12-23,2025-12-23_アドネス全体数値_媒体・ファネル別データ_表.csv,2026-02-22 07:10,完了
2025-12-24,2025-12-24_アドネス全体数値_媒体・ファネル別データ_表.csv,2026-02-22 07:10,完了
2025-12-25,2025-12-25_アドネス全体数値_媒体・ファネル別データ_表.csv,2026-02-22 07:10,完了
2025-12-26,2025-12-26_アドネス全体数値_媒体・ファネル別データ_表.csv,2026-02-22 07:10,完了
2025-12-27,2025-12-27_アドネス全体数値_媒体・ファネル別データ_表.csv,2026-02-22 07:10,完了
2025-12-28,2025-12-28_アドネス全体数値_媒体・ファネル別データ_表.csv,2026-02-22 07:10,完了
2025-12-29,2025-12-29_アドネス全体数値_媒体・ファネル別データ_表.csv,2026-02-22 07:10,完了
2025-12-30,2025-12-30_アドネス全体数値_媒体・ファネル別データ_表.csv,2026-02-22 07:10,完了
2025-12-31,2025-12-31_アドネス全体数値_媒体・ファネル別データ_表.csv,2026-02-22 07:10,完了
2026-01-01,2026-01-01_アドネス全体数値_媒体・ファネル別データ_表.csv,2026-02-22 07:10,完了
2026-01-02,2026-01-02_アドネス全体数値_媒体・ファネル別データ_表.csv,2026-02-22 07:10,完了
2026-01-03,2026-01-03_アドネス全体数値_媒体・ファネル別データ_表.csv,2026-02-22 07:10,完了
2026-01-04,2026-01-04_アドネス全体数値_媒体・ファネル別データ_表.csv,2026-02-22 07:10,完了
2026-01-05,2026-01-05_アドネス全体数値_媒体・ファネル別データ_表.csv,2026-02-22 07:10,完了
2026-01-06,2026-01-06_アドネス全体数値_媒体・ファネル別データ_表.csv,2026-02-22 07:10,完了
2026-01-07,2026-01-07_アドネス全体数値_媒体・ファネル別データ_表.csv,2026-02-22 07:10,完了
2026-01-08,2026-01-08_アドネス全体数値_媒体・ファネル別データ_表.csv,2026-02-22 07:10,完了
2026-01-09,2026-01-09_アドネス全体数値_媒体・ファネル別データ_表.csv,2026-02-22 07:10,完了
2026-01-10,2026-01-10_アドネス全体数値_媒体・ファネル別データ_表.csv,2026-02-22 07:10,完了
2026-01-11,2026-01-11_アドネス全体数値_媒体・ファネル別データ_表.csv,2026-02-22 07:10,完了
2026-01-12,2026-01-12_アドネス全体数値_媒体・ファネル別データ_表.csv,2026-02-22 07:10,完了
2026-01-13,2026-01-13_アドネス全体数値_媒体・ファネル別データ_表.csv,2026-02-22 07:10,完了
2026-01-14,2026-01-14_アドネス全体数値_媒体・ファネル別データ_表.csv,2026-02-22 07:10,完了
2026-01-15,2026-01-15_アドネス全体数値_媒体・ファネル別データ_表.csv,2026-02-22 07:10,完了
2026-01-16,2026-01-16_アドネス全体数値_媒体・ファネル別データ_表.csv,2026-02-22 07:10,完了
2026-01-17,2026-01-17_アドネス全体数値_媒体・ファネル別データ_表.csv,2026-02-22 07:10,完了
2026-01-18,2026-01-18_アドネス全体数値_媒体・ファネル別データ_表.csv,2026-02-22 07:10,完了
2026-01-19,2026-01-19_アドネス全体数値_媒体・ファネル別データ_表.csv,2026-02-22 07:10,完了
2026-01-20,2026-01-20_アドネス全体数値_媒体・ファネル別データ_表.csv,2026-02-22 07:10,完了
2026-01-21,2026-01-21_アドネス全体数値_媒体・ファネル別データ_表.csv,2026-02-22 07:10,完了
2026-01-22,2026-01-22_アドネス全体数値_媒体・ファネル別データ_表.csv,2026-02-22 07:10,完了
2026-01-23,2026-01-23_アドネス全体数値_媒体・ファネル別データ_表.csv,2026-02-22 07:10,完了
2026-01-24,2026-01-24_アドネス全体数値_媒体・ファネル別データ_表.csv,2026-02-22 07:10,完了
2026-01-25,2026-01-25_アドネス全体数値_媒体・ファネル別データ_表.csv,2026-02-22 07:10,完了
2026-01-26,2026-01-26_アドネス全体数値_媒体・ファネル別データ_表.csv,2026-02-22 07:10,完了
2026-01-27,2026-01-27_アドネス全体数値_媒体・ファネル別データ_表.csv,2026-02-22 07:10,完了
2026-01-28,2026-01-28_アドネス全体数値_媒体・ファネル別データ_表.csv,2026-02-22 07:10,完了
2026-01-29,2026-01-29_アドネス全体数値_媒体・ファネル別データ_表.csv,2026-02-22 07:10,完了
2026-01-30,2026-01-30_アドネス全体数値_媒体・ファネル別データ_表.csv,2026-02-22 07:10,完了
2026-01-31,2026-01-31_アドネス全体数値_媒体・ファネル別データ_表.csv,2026-02-22 07:10,完了
2026-02-01,2026-02-01_アドネス全体数値_媒体・ファネル別データ_表.csv,2026-02-22 07:10,完了
2026-02-02,2026-02-02_アドネス全体数値_媒体・ファネル別データ_表.csv,2026-02-22 07:10,完了
2026-02-03,2026-02-03_アドネス全体数値_媒体・ファネル別データ_表.csv,2026-02-22 07:10,完了
2026-02-04,2026-02-04_アドネス全体数値_媒体・ファネル別データ_表.csv,2026-02-22 07:10,完了
2026-02-05,2026-02-05_アドネス全体数値_媒体・ファネル別データ_表.csv,2026-02-22 07:10,完了
2026-02-06,2026-02-06_アドネス全体数値_媒体・ファネル別データ_表.csv,2026-02-22 07:10,完了
2026-02-07,2026-02-07_アドネス全体数値_媒体・ファネル別データ_表.csv,2026-02-22 07:10,完了
2026-02-08,2026-02-08_アドネス全体数値_媒体・ファネル別データ_表.csv,2026-02-22 07:10,完了
2026-02-09,2026-02-09_アドネス全体数値_媒体・ファネル別データ_表.csv,2026-02-22 07:10,完了
2026-02-10,2026-02-10_アドネス全体数値_媒体・ファネル別データ_表.csv,2026-02-22 07:10,完了
2026-02-11,2026-02-11_アドネス全体数値_媒体・ファネル別データ_表.csv,2026-02-22 07:10,完了
2026-02-12,2026-02-12_アドネス全体数値_媒体・ファネル別データ_表.csv,2026-02-22 07:10,完了
2026-02-13,2026-02-13_アドネス全体数値_媒体・ファネル別データ_表.csv,2026-02-22 07:10,完了
2026-02-14,2026-02-14_アドネス全体数値_媒体・ファネル別データ_表.csv,2026-02-22 07:10,完了
2026-02-15,2026-02-15_アドネス全体数値_媒体・ファネル別データ_表.csv,2026-02-22 07:10,完了
2026-02-16,2026-02-16_アドネス全体数値_媒体・ファネル別データ_表.csv,2026-02-22 07:10,完了
2026-02-17,2026-02-17_アドネス全体数値_媒体・ファネル別データ_表.csv,2026-02-22 07:10,完了
2026-02-18,2026-02-18_アドネス全体数値_媒体・ファネル別データ_表.csv,2026-02-22 07:10,完了
2026-02-19,2026-02-19_アドネス全体数値_媒体・ファネル別データ_表.csv,2026-02-22 07:10,完了
